date,people_vaccinated_per_hundred,people_fully_vaccinated_per_hundred,total_boosters_per_hundred,,cases/1000,Israel,Germany,cases/1000,date
1/01/2021,,,,9.09,0.023286,,,0,1-Jan
2/01/2021,,,,9.09,0.025143,,,0,
3/01/2021,,,,9.09,0.023857,,,0,
4/01/2021,,,,9.09,0.024,,,0,
5/01/2021,,,,9.09,0.022143,,,0,
6/01/2021,,,,9.09,0.020143,,,0,
7/01/2021,,,,9.09,0.020857,,,0,
8/01/2021,,,,9.09,0.017429,,,0,
9/01/2021,,,,9.09,0.015857,,,0,
10/01/2021,,,,9.09,0.015714,,,0,
11/01/2021,,,,9.09,0.016714,,,0,
12/01/2021,,,,9.09,0.016286,,,0,
13/01/2021,,,,9.09,0.016286,,,0,
14/01/2021,,,,9.09,0.014,,,0,
15/01/2021,,,,9.09,0.015286,,,0,
16/01/2021,,,,9.09,0.016143,,,0,
17/01/2021,,,,9.09,0.015286,,,0,
18/01/2021,,,,9.09,0.013857,,,0,
19/01/2021,,,,9.09,0.012857,,,0,
20/01/2021,,,,9.09,0.012714,,,0,
21/01/2021,,,,9.09,0.012286,,,0,
22/01/2021,,,,9.09,0.010143,,,0,
23/01/2021,,,,9.09,0.008286,,,0,
24/01/2021,,,,9.09,0.008,,,0,
25/01/2021,,,,9.09,0.007,,,0,
26/01/2021,,,,9.09,0.006571,,,0,
27/01/2021,,,,9.09,0.006429,,,0,
28/01/2021,,,,9.09,0.006286,,,0,
29/01/2021,,,,9.09,0.006571,,,0,
30/01/2021,,,,9.09,0.006429,,,0,
31/01/2021,,,,9.09,0.005857,,,0,
1/02/2021,,,,9.09,0.006143,,,0,
2/02/2021,,,,9.09,0.006143,,,0,
3/02/2021,,,,9.09,0.006286,,,0,
4/02/2021,,,,9.09,0.006143,,,0,
5/02/2021,,,,9.09,0.006,,,0,
6/02/2021,,,,9.09,0.005714,,,0,
7/02/2021,,,,9.09,0.005571,,,0,
8/02/2021,,,,9.09,0.005286,,,0,
9/02/2021,,,,9.09,0.006,,,0,
10/02/2021,,,,9.09,0.005857,,,0,
11/02/2021,,,,9.09,0.006429,,,0,
12/02/2021,,,,9.09,0.006286,,,0,
13/02/2021,,,,9.09,0.006714,,,0,
14/02/2021,,,,9.09,0.006143,,,0,
15/02/2021,,,,9.09,0.006429,,,0,
16/02/2021,,,,9.09,0.005714,,,0,
17/02/2021,,,,9.09,0.004714,,,0,
18/02/2021,,,,9.09,0.004429,,,0,
19/02/2021,,,,9.09,0.004,,,0,
20/02/2021,,,,9.09,0.004,,,0,
21/02/2021,0,,,9.09,0.004286,,,0,
22/02/2021,0.01,,,9.09,0.004571,,,0,
23/02/2021,0.03,0,,9.09,0.004,,,0,
24/02/2021,0.06,0,,9.09,0.005,,,0,
25/02/2021,0.09,0,,9.09,0.005571,,,0,
26/02/2021,0.11,0,,9.09,0.006429,,,0,
27/02/2021,0.12,0,,9.09,0.006286,,,0,
28/02/2021,0.13,0,,9.09,0.006857,,,0,
1/03/2021,0.16,0,,9.09,0.007,,,0,1-Mar
2/03/2021,0.2,0,,9.09,0.008143,,,0,
3/03/2021,0.23,0,,9.09,0.008571,,,0,
4/03/2021,0.27,0,,9.09,0.009143,,,0,
5/03/2021,0.29,0,,9.09,0.009143,,,0,
6/03/2021,0.31,0,,9.09,0.009143,,,0,
7/03/2021,0.33,0,,9.09,0.009714,,,0,
8/03/2021,0.36,0,,9.09,0.010714,,,0,
9/03/2021,0.41,0,,9.09,0.011143,,,0,
10/03/2021,0.48,0,,9.09,0.011857,,,0,
11/03/2021,0.52,0,,9.09,0.011571,,,0,
12/03/2021,0.61,0,,9.09,0.011857,,,0,
13/03/2021,0.62,0,,9.09,0.011857,,,0,
14/03/2021,0.63,0,,9.09,0.012,,,0,
15/03/2021,0.7,0,,9.09,0.010857,,,0,
16/03/2021,0.78,0,,9.09,0.011429,,,0,
17/03/2021,0.86,0.01,,9.09,0.010857,,,0,
18/03/2021,0.91,0.01,,9.09,0.011571,,,0,
19/03/2021,0.96,0.01,,9.09,0.011429,,,0,
20/03/2021,0.97,0.01,,9.09,0.011286,,,0,
21/03/2021,1,0.08,,9.09,0.010857,,,0,
22/03/2021,1.11,0.09,,9.09,0.010571,,,0,
23/03/2021,1.28,0.09,,9.09,0.009571,,,0,
24/03/2021,1.45,0.11,,9.09,0.009143,,,0,
25/03/2021,1.63,0.13,,9.09,0.008,,,0,
26/03/2021,1.8,0.13,,9.09,0.008571,,,0,
27/03/2021,1.87,0.14,,9.09,0.009,,,0,
28/03/2021,1.93,0.14,,9.09,0.01,,,0,
29/03/2021,2.11,0.18,,9.09,0.012143,,,0,
30/03/2021,2.37,0.19,,9.09,0.011857,,,0,
31/03/2021,2.57,0.28,,9.09,0.013143,,,0,
1/04/2021,2.84,0.3,,9.09,0.013429,,,0,
2/04/2021,2.86,0.31,,9.09,0.012714,,,0,
3/04/2021,2.91,0.31,,9.09,0.012714,,,0,
4/04/2021,2.91,0.31,,9.09,0.011571,,,0,
5/04/2021,2.95,0.32,,9.09,0.009857,,,0,
6/04/2021,3.17,0.35,,9.09,0.010714,,,0,
7/04/2021,3.44,0.37,,9.09,0.009,,,0,
8/04/2021,3.59,0.52,,9.09,0.008143,,,0,
9/04/2021,3.8,0.55,,9.09,0.007857,,,0,
10/04/2021,3.89,0.56,,9.09,0.008143,,,0,
11/04/2021,3.93,0.57,,9.09,0.008857,,,0,
12/04/2021,4.12,0.6,,9.1,0.009143,,,0,
13/04/2021,4.32,0.63,,9.1,0.010143,,,0,
14/04/2021,4.54,0.65,,9.1,0.012,,,0,
15/04/2021,4.75,0.68,,9.1,0.013429,,,0,
16/04/2021,4.93,0.7,,9.1,0.014714,,,0,
17/04/2021,5.01,0.71,,9.1,0.016286,,,0,
18/04/2021,5.35,0.71,,9.1,0.016286,,,0,
19/04/2021,5.57,0.74,,9.1,0.018143,,,0,
20/04/2021,5.79,0.77,,9.1,0.018,,,0,
21/04/2021,5.98,0.84,,9.1,0.017857,,,0,
22/04/2021,6.22,0.87,,9.1,0.022,,,0,
23/04/2021,6.43,0.88,,9.1,0.022,,,0,
24/04/2021,6.5,0.89,,9.1,0.020571,,,0,
25/04/2021,6.51,0.89,,9.1,0.021,,,0,
26/04/2021,6.63,0.89,,9.1,0.023,,,0,
27/04/2021,6.84,0.91,,9.1,0.024857,,,0,
28/04/2021,7.13,0.94,,9.1,0.025571,,,0,
29/04/2021,7.36,0.97,,9.1,0.022857,,,0,
30/04/2021,7.55,0.99,,9.1,0.022571,,,0,
1/05/2021,7.62,0.99,,9.1,0.023,,,0,1-May
2/05/2021,7.64,1,,9.1,0.022571,,,0,
3/05/2021,7.84,1.01,,9.1,0.019,,,0,
4/05/2021,8.12,1.04,,9.1,0.016429,,,0,
5/05/2021,8.39,1.06,,9.1,0.015857,,,0,
6/05/2021,8.67,1.09,,9.1,0.013571,,,0,
7/05/2021,8.92,1.12,,9.1,0.013571,,,0,
8/05/2021,9.02,1.12,,9.1,0.014,,,0,
9/05/2021,9.05,1.13,,9.1,0.013286,,,0,
10/05/2021,9.31,1.15,,9.1,0.012571,,,0,
11/05/2021,9.57,1.17,,9.1,0.011571,,,0,
12/05/2021,9.86,1.2,,9.1,0.010143,,0,0,
13/05/2021,10.16,1.22,,9.1,0.009143,,0,0,
14/05/2021,10.42,1.25,,9.1,0.008286,,0,0,
15/05/2021,10.54,1.26,,9.1,0.007571,,0,0,
16/05/2021,10.58,1.27,,9.1,0.006714,,0,0,
17/05/2021,10.59,1.57,,9.1,0.006429,,0,0,
18/05/2021,10.93,1.6,,9.1,0.006571,,0,0,
19/05/2021,11.26,1.63,,9.1,0.005714,,0,0,
20/05/2021,11.61,1.66,,9.1,0.006,,0,0,
21/05/2021,11.92,,,9.1,0.005571,,0,0,
22/05/2021,12.06,,,9.1,0.004571,,0,0,
23/05/2021,12.11,,,9.1,0.005857,,0,0,
24/05/2021,12.44,1.66,,9.1,0.006571,,0,0,
25/05/2021,12.68,1.81,,9.1,0.007714,,0,0,
26/05/2021,13.08,1.84,,9.1,0.009714,,0,0,
27/05/2021,13.53,1.87,,9.1,0.010714,,0,0,
28/05/2021,13.97,1.9,,9.1,0.011429,,0,0,
29/05/2021,14.19,1.91,,9.1,0.012714,,0,0,
30/05/2021,14.3,1.91,,9.1,0.012286,,0,0,
31/05/2021,14.73,1.93,,9.1,0.012714,,0,0,
1/06/2021,15.13,2.07,,9.1,0.011143,,0,0,
2/06/2021,15.63,2.1,,9.1,0.010571,,0,0,
3/06/2021,16.15,2.14,,9.1,0.009571,,0,0,
4/06/2021,16.65,2.18,,9.1,0.010571,,0,0,
5/06/2021,16.97,2.19,,9.1,0.011,,0,0,
6/06/2021,17.05,2.34,,9.1,0.012286,,0,0,
7/06/2021,17.45,2.43,,9.1,0.012429,,0,0,
8/06/2021,17.93,2.49,,9.1,0.012286,,0,0,
9/06/2021,18.4,2.56,,9.1,0.012571,,0,0,
10/06/2021,18.93,2.62,,9.1,0.012429,,0,0,
11/06/2021,,2.69,,9.1,0.011,,0,0,
12/06/2021,,2.71,,9.1,0.010714,,0,0,
13/06/2021,19.1,3.31,,9.1,0.010143,,0,0,
14/06/2021,19.21,3.45,,9.1,0.009714,,0,0,
15/06/2021,19.7,3.54,,9.1,0.010857,,0,0,
16/06/2021,20.09,3.67,,9.1,0.010857,,0,0,
17/06/2021,20.4,3.9,,9.1,0.011571,,0.01,0,
18/06/2021,20.81,3.99,,9.1,0.012571,,0.01,0,
19/06/2021,21.01,4.04,,9.1,0.011857,,0.01,0,
20/06/2021,21.05,4.13,,9.1,0.013286,,0.01,0,
21/06/2021,21.51,4.16,,9.1,0.013286,,0.01,0,
22/06/2021,21.57,4.64,,9.1,0.013429,,0.01,0,
23/06/2021,21.99,4.75,,9.1,0.014714,,0.01,0,
24/06/2021,22.07,5.2,,9.1,0.016429,,0.01,0,
25/06/2021,22.43,5.3,,9.1,0.019286,,0.01,0,
26/06/2021,22.45,5.54,,9.1,0.024,,0.01,0,
27/06/2021,22.53,5.64,,9.1,0.024714,,0.01,0,
28/06/2021,23,5.65,,9.1,0.027714,,0.01,0,
29/06/2021,23.3,5.91,,9.1,0.031714,,0.01,0,
30/06/2021,23.34,6.24,,9.1,0.034143,,0.01,0,
1/07/2021,23.69,6.59,,9.1,0.037143,0,0.01,0,1-Jul
2/07/2021,23.97,6.91,,9.1,0.039571,0,0.01,0,
3/07/2021,24.14,7.09,,9.1,0.036286,0,0.01,0,
4/07/2021,24.25,7.17,,9.1,0.039429,0,0.01,0,
5/07/2021,24.51,7.43,,9.1,0.038714,0,0.01,0,
6/07/2021,24.82,7.73,,9.1,0.037,0,0.01,0,
7/07/2021,25.1,8.02,,9.1,0.037143,0,0.01,0,
8/07/2021,25.39,8.33,,9.1,0.038143,0,0.01,0,
9/07/2021,25.66,8.61,,9.1,0.040143,0,0.01,0,
10/07/2021,25.85,8.8,,9.11,0.049571,0,0.01,0,
11/07/2021,25.97,8.88,,9.11,0.059571,0,0.01,0,
12/07/2021,26.24,9.17,,9.12,0.070286,0,0.01,0,
13/07/2021,26.55,9.51,,9.12,0.081143,0,0.01,0,
14/07/2021,26.86,9.85,,9.12,0.087143,0.01,0.01,0,
15/07/2021,27.16,10.2,,9.12,0.096429,0.01,0.01,0,
16/07/2021,27.47,10.52,,9.13,0.108,0.01,0.01,0,
17/07/2021,27.67,10.7,,9.14,0.114143,0.01,0.01,0,
18/07/2021,27.79,10.8,,9.14,0.113571,0.02,0.01,0,
19/07/2021,28.13,11.1,,9.15,0.113857,0.02,0.01,0,
20/07/2021,28.46,11.44,,9.15,0.119571,0.02,0.01,0,
21/07/2021,28.84,11.8,,9.15,0.130429,0.03,0.01,0,
22/07/2021,29.2,12.16,,9.16,0.136571,0.03,0.01,0,
23/07/2021,29.56,12.5,,9.16,0.140286,0.03,0.01,0,
24/07/2021,29.81,12.71,,9.18,0.145571,0.03,0.01,0,
25/07/2021,29.95,12.83,,9.18,0.152286,0.04,0.01,0,
26/07/2021,30.31,13.16,,9.22,0.163714,0.04,0.01,0,
27/07/2021,30.66,13.54,,9.21,0.172429,0.04,0.02,0,
28/07/2021,31.09,13.97,,9.23,0.185714,0.05,0.02,0,
29/07/2021,31.47,14.37,,9.23,0.189571,0.05,0.02,0,
30/07/2021,31.87,14.77,,9.24,0.196714,0.1,0.02,0,
31/07/2021,32.12,15,,9.24,0.209286,0.16,0.02,0,
1/08/2021,32.26,15.15,,9.25,0.218571,0.49,0.02,0,
2/08/2021,32.61,15.52,,9.25,0.224286,1.11,0.02,0,
3/08/2021,33.02,15.95,,9.27,0.230857,1.95,0.02,0,
4/08/2021,33.43,16.39,,9.32,0.237857,2.8,0.02,0,
5/08/2021,33.89,16.84,,9.33,0.255571,3.74,0.02,0,
6/08/2021,34.34,17.29,,9.39,0.274429,4.21,0.02,0,
7/08/2021,34.62,17.62,,9.38,0.277857,4.5,0.02,0,
8/08/2021,34.8,17.77,,9.39,0.288286,5.35,0.02,0,
9/08/2021,35.21,18.19,,9.43,0.310571,6.16,0.02,0,
10/08/2021,35.73,18.69,,9.45,0.326857,6.96,0.02,0,
11/08/2021,36.23,19.19,,9.47,0.336857,7.62,0.02,0,
12/08/2021,36.74,19.71,,9.49,0.352429,8.25,0.02,0,
13/08/2021,37.29,20.23,,9.53,0.372429,8.71,0.02,0,
14/08/2021,37.62,20.52,,9.58,0.395571,9.18,0.02,0,
15/08/2021,37.84,20.67,,9.66,0.426429,10.22,0.02,0,
16/08/2021,38.4,21.17,,9.67,0.441,11.17,0.02,0,
17/08/2021,38.95,21.67,,9.7,0.485286,12.05,0.03,0,
18/08/2021,39.58,22.22,,9.72,0.538857,12.78,0.03,0,
19/08/2021,40.19,22.76,,9.76,0.580429,13.48,0.03,0,
20/08/2021,40.82,23.32,,9.78,0.637286,14.12,0.03,0,
21/08/2021,41.23,23.65,,9.81,0.704143,14.66,0.03,0,
22/08/2021,41.57,23.84,,9.84,0.757857,15.77,0.03,0,
23/08/2021,42.19,24.33,,9.84,0.808143,16.76,0.03,0,
24/08/2021,42.82,24.86,,9.86,0.850143,17.81,0.03,0,
25/08/2021,43.51,25.45,,9.89,0.902714,18.86,0.04,0,
26/08/2021,44.12,26.01,,9.91,0.941143,19.93,0.04,0,
27/08/2021,44.79,26.55,,9.93,0.973714,20.53,0.04,0,
28/08/2021,45.27,26.91,,9.99,1.032857,20.89,0.04,0,
29/08/2021,45.68,27.11,,10.03,1.098714,21.73,0.04,0,
30/08/2021,46.25,27.59,,10.06,1.159143,22.96,0.04,0,
31/08/2021,46.96,28.15,,10.12,1.195429,24.17,0.05,0,
1/09/2021,47.68,28.7,,10.19,1.245714,25.36,0.08,0,1-Sep
2/09/2021,48.29,29.24,,10.32,1.341714,26.54,0.1,0,
3/09/2021,48.94,29.77,,10.36,1.430571,27.17,0.12,0,
4/09/2021,49.43,30.1,,10.39,1.480429,27.48,0.12,0,
5/09/2021,49.75,30.27,,10.44,1.506286,28.26,0.13,0,
6/09/2021,50.27,30.74,,10.52,1.536143,28.5,0.15,0,
7/09/2021,50.86,31.27,,10.6,1.603429,28.56,0.18,0,
8/09/2021,51.5,31.82,,10.66,1.640286,28.63,0.21,0,
9/09/2021,52.13,32.4,,10.76,1.672,29.41,0.25,0,
10/09/2021,52.72,32.97,,10.84,1.719714,29.81,0.27,0,
11/09/2021,53.13,33.31,,10.91,1.712,29.97,0.28,0,
12/09/2021,53.43,33.52,,10.98,1.738286,30.54,0.29,0,
13/09/2021,54.17,34.08,,11.02,1.754286,31.05,0.31,0,
14/09/2021,54.77,34.63,,11.16,1.746714,31.57,0.36,0,
15/09/2021,55.36,35.21,,11.28,1.765429,31.74,0.42,0,
16/09/2021,55.96,35.76,,11.41,1.755429,31.76,0.46,0,
17/09/2021,56.6,36.4,,11.48,1.724143,32.22,0.5,0,
18/09/2021,57.07,36.8,,11.62,1.717857,32.35,0.51,0,
19/09/2021,57.47,37.06,,11.67,1.686429,32.82,0.52,0,
20/09/2021,58.11,37.64,,11.78,1.687,33,0.55,0,
21/09/2021,58.75,38.27,,11.86,1.689286,33.03,0.6,0,
22/09/2021,59.4,38.9,,11.96,1.682571,33.3,0.68,0,
23/09/2021,60.07,39.56,,12.08,1.677429,33.59,0.74,0,
24/09/2021,60.62,40.2,,12.2,1.678714,33.89,0.78,0,
25/09/2021,61.02,40.63,,12.31,1.704429,34,0.79,0,
26/09/2021,61.31,40.89,,12.45,1.700429,34.38,0.8,0,
27/09/2021,61.87,41.49,,12.56,1.743,34.7,0.83,0,
28/09/2021,62.45,42.17,,12.79,1.764857,34.77,0.9,0,
29/09/2021,63,42.8,,12.91,1.849286,35.41,0.97,0,
30/09/2021,63.6,43.5,,13.11,1.891286,36.25,1.02,0,
1/10/2021,64.14,44.2,,13.21,1.958429,36.74,1.05,0,
2/10/2021,64.49,44.66,,13.34,1.975571,36.98,1.06,0,
3/10/2021,64.73,44.95,,13.46,2.054286,37.73,1.06,0,
4/10/2021,65.04,45.34,,13.57,2.127,38.28,1.08,0,
5/10/2021,65.56,46.17,,13.79,2.157571,38.71,1.15,0,
6/10/2021,66.04,46.96,,13.89,2.131286,39.07,1.22,0,
7/10/2021,66.5,47.76,0,14.05,2.197857,39.43,1.29,0,
8/10/2021,66.93,48.59,0,14.21,2.223571,39.63,1.34,0,
9/10/2021,67.21,49.22,0,14.32,2.297571,39.71,1.34,0,
10/10/2021,67.4,49.65,0,14.48,2.308,39.94,1.35,0,
11/10/2021,67.78,50.47,0,14.61,2.230714,40.12,1.38,0,
12/10/2021,68.17,51.37,0,14.78,2.231143,40.29,1.45,0,
13/10/2021,68.52,52.23,0.01,14.96,2.306571,40.43,1.54,0,
14/10/2021,68.88,53.07,0.01,15.07,2.307714,40.6,1.62,0,
15/10/2021,69.21,53.87,0.01,15.15,2.278571,40.7,1.67,0,
16/10/2021,69.41,54.42,0.01,15.32,2.247571,40.74,1.68,0,
17/10/2021,69.58,54.86,0.01,15.43,2.242286,40.88,1.68,0,
18/10/2021,69.88,55.62,0.01,15.58,2.269429,40.98,1.72,0,
19/10/2021,70.19,56.36,0.01,15.77,2.279143,41.08,1.8,0,
20/10/2021,70.49,57.1,0.02,15.9,2.250571,41.19,1.9,0,
21/10/2021,70.79,57.85,0.02,16.11,2.252714,41.32,2,0,
22/10/2021,71.07,58.61,0.02,16.22,2.191571,41.38,2.06,0,
23/10/2021,71.25,59.15,0.03,16.37,2.191714,41.41,2.08,0,
24/10/2021,71.41,59.48,0.03,16.48,2.138143,41.51,2.08,0,
25/10/2021,71.67,60.1,0.03,16.53,2.102143,41.6,2.13,0,
26/10/2021,71.91,60.71,0.03,16.69,2.066857,41.69,2.26,0,
27/10/2021,72.14,61.31,0.04,16.96,1.994571,41.78,2.42,0,
28/10/2021,72.37,61.93,0.04,17.08,1.900143,41.87,2.57,0,
29/10/2021,72.57,62.51,0.05,17.22,1.858143,41.91,2.68,0,
30/10/2021,72.69,62.91,0.07,17.35,1.716857,41.93,2.7,0,
31/10/2021,72.78,63.14,0.08,17.43,1.685714,42.02,2.7,0,
1/11/2021,72.97,63.71,0.17,17.56,1.592714,42.09,2.74,0,1-Nov
2/11/2021,73.11,64.09,0.28,17.68,1.487143,42.15,2.9,0,
3/11/2021,73.26,64.59,0.38,17.81,1.415571,42.21,3.13,0,
4/11/2021,73.42,65.07,0.49,17.95,1.371857,42.29,3.36,0,
5/11/2021,73.58,65.57,0.57,18.05,1.364,42.32,3.53,0,
6/11/2021,73.67,65.85,0.66,18.15,1.392857,42.34,3.58,0,
7/11/2021,73.74,66.02,0.68,18.27,1.364,42.4,3.59,0,
8/11/2021,73.87,66.43,0.73,18.41,1.386429,42.46,3.73,0,
9/11/2021,74.01,66.8,0.79,18.58,1.399286,42.52,4.03,0,
10/11/2021,74.18,67.17,0.85,18.62,1.402,42.57,4.4,0,
11/11/2021,74.36,67.54,0.9,18.73,1.378286,42.63,4.76,0,
12/11/2021,74.55,67.91,0.96,18.77,1.366571,42.66,5.05,0,
13/11/2021,74.65,68.13,0.98,18.82,1.327714,42.67,5.12,0,
14/11/2021,74.73,68.27,1,18.88,1.289286,42.72,5.15,0,
15/11/2021,74.9,68.6,1.04,18.98,1.249571,42.78,5.36,0,
16/11/2021,75.05,68.92,1.09,19.07,1.253429,42.82,5.83,0,
17/11/2021,75.2,69.21,1.14,19.22,1.212143,42.86,6.37,0,
18/11/2021,75.35,69.5,1.19,19.33,1.225143,42.92,6.95,0,
19/11/2021,75.48,69.78,1.24,19.38,1.212,42.94,7.44,0,
20/11/2021,75.56,69.94,1.27,19.44,1.262,42.95,7.64,0,
21/11/2021,75.59,70,1.27,19.48,1.292286,43,7.71,0,
22/11/2021,75.75,70.33,1.32,19.68,1.290571,43.05,8.1,0,
23/11/2021,75.87,70.57,1.38,19.73,1.324286,43.09,8.89,0,
24/11/2021,75.99,70.8,1.43,19.78,1.361429,43.13,9.84,0,
25/11/2021,76.1,71.03,1.49,19.85,1.378857,43.18,10.72,0,
26/11/2021,76.21,71.26,1.55,19.9,1.396,43.21,11.51,0,
27/11/2021,76.27,71.38,1.57,19.94,1.363143,43.23,12.18,0,
28/11/2021,76.31,71.45,1.59,19.97,,43.28,12.35,1.355714,
29/11/2021,76.41,71.66,1.64,20.06,,43.32,12.9,1.369571,
30/11/2021,76.5,71.85,1.72,20.11,,43.37,13.92,1.362857,
1/12/2021,76.58,72.04,1.8,20.21,,43.41,15.2,1.387857,
2/12/2021,76.66,72.24,1.89,20.33,,43.47,16.38,1.372857,
3/12/2021,76.74,72.44,1.99,20.42,,43.5,17.47,1.405429,
4/12/2021,76.78,72.55,2.03,20.5,,43.51,18.54,1.407429,
5/12/2021,76.81,72.62,2.05,20.56,,43.56,18.82,1.426,
6/12/2021,76.88,72.79,2.14,20.65,,43.6,19.59,1.473857,
7/12/2021,76.95,72.97,2.23,20.72,,43.65,20.82,1.515,
8/12/2021,77.02,73.15,2.34,20.82,,43.69,22.3,1.508143,
9/12/2021,77.09,73.33,2.45,20.84,,43.74,23.66,1.535143,
10/12/2021,77.15,73.49,2.56,21,,43.76,24.94,1.542143,
11/12/2021,77.19,73.58,2.62,21.04,,43.77,26.24,1.584143,
12/12/2021,77.2,73.62,2.66,21.06,,43.83,26.58,1.663857,
13/12/2021,77.28,73.84,2.95,21.13,,43.88,27.41,1.740429,
14/12/2021,77.35,74.02,3.32,21.17,,43.93,28.8,1.898143,
15/12/2021,77.43,74.19,3.77,21.26,,43.99,30.4,2.150857,
16/12/2021,77.51,74.37,4.27,21.34,,44.06,31.86,2.449571,
17/12/2021,77.58,74.55,4.81,21.42,,44.1,33.13,2.772429,
18/12/2021,77.63,74.64,5.08,21.46,,44.11,34.28,3.103714,
19/12/2021,77.66,74.69,5.23,21.46,,44.18,34.62,3.416286,
20/12/2021,77.72,74.83,5.77,21.54,,44.24,35.49,3.776571,
21/12/2021,77.79,74.95,6.37,21.62,,44.31,36.7,4.165429,
22/12/2021,77.86,75.07,7.01,21.73,,44.37,37.89,4.870286,
23/12/2021,77.92,75.17,7.58,21.82,,44.46,38.53,5.501143,
24/12/2021,,,,21.88,,44.51,38.58,6.335143,
25/12/2021,,,,21.9,,44.54,38.61,7.134714,
26/12/2021,77.97,75.25,8,21.96,,44.62,38.67,7.970857,
27/12/2021,77.98,75.27,8.09,22.02,,44.71,39.26,9.014429,
28/12/2021,78,75.29,8.19,22.1,,44.81,39.99,10.749714,
29/12/2021,78.05,75.38,8.62,22.24,,44.9,40.66,12.608571,
30/12/2021,78.1,75.47,9.09,22.39,,45.03,41.13,16.264714,
31/12/2021,,,,22.53,,45.11,41.19,19.194429,
1/01/2022,,,,22.57,,45.14,41.21,23.194429,1-Jan
2/01/2022,78.16,75.55,9.66,22.66,,45.28,41.36,26.012143,
3/01/2022,78.17,75.57,9.8,22.7,,45.67,41.82,30.719,
4/01/2022,78.22,75.66,10.48,22.9,,46.32,42.48,38.407143,
5/01/2022,78.27,75.76,11.33,23.02,,47.06,43.25,46.129571,
6/01/2022,78.32,75.86,12.22,23.21,,47.88,43.9,52.475,
7/01/2022,78.38,75.95,13.08,23.37,,48.29,44.61,62.150571,
8/01/2022,78.41,76.01,13.62,23.66,,48.64,45.08,72.786,
9/01/2022,78.43,76.04,13.95,23.87,,49.48,45.23,78.961143,
10/01/2022,78.61,76.13,14.77,24.15,,50.29,45.76,85.969857,
11/01/2022,78.86,76.2,15.7,24.65,,51.01,46.51,87.814571,
12/01/2022,79.13,76.28,16.67,25.22,,51.6,47.33,102.078143,
13/01/2022,79.4,76.36,17.64,25.72,,52.09,48.11,109.214714,
14/01/2022,79.68,76.43,18.58,26.21,,52.28,48.84,107.528429,
15/01/2022,79.86,76.46,19.09,26.73,,52.38,49.24,107.665571,
16/01/2022,79.99,76.48,19.39,26.92,,52.67,49.38,105.816571,
17/01/2022,80.26,76.54,20.31,27.73,,52.93,49.82,104.466429,
18/01/2022,80.52,76.6,21.21,28.43,,53.14,50.42,104.496,
19/01/2022,80.79,76.66,22.15,28.9,,53.28,51.04,89.115,
20/01/2022,81.06,76.72,23.16,29.78,,53.41,51.69,79.937286,
21/01/2022,81.31,76.78,24.13,30.43,,53.48,52.23,73.777,
22/01/2022,81.46,76.81,24.68,31.21,,53.5,52.47,67.250571,
23/01/2022,81.57,76.83,25.01,31.48,,53.6,52.55,63.299571,
24/01/2022,81.8,76.87,25.95,32.3,,53.67,52.86,59.537714,
25/01/2022,82.03,76.93,26.9,32.99,,53.77,53.31,55.009857,
26/01/2022,82.1,76.95,27.13,33.9,,53.83,53.76,52.640143,
27/01/2022,82.3,77.01,28.02,34.77,,53.91,54.21,52.966143,
28/01/2022,82.5,77.08,28.91,36.32,,53.96,54.59,56.225286,
29/01/2022,82.63,77.12,29.41,37.18,,53.98,54.75,53.379,
30/01/2022,82.7,77.15,29.66,37.6,,54.09,54.8,54.019714,
31/01/2022,82.83,77.21,30.45,38.35,,54.17,55,43.906,
1/02/2022,82.94,77.27,31.29,39.05,,54.25,55.25,43.906,
2/02/2022,83.04,77.33,32.16,39.87,,54.32,55.56,40.079143,
3/02/2022,83.14,77.39,32.97,40.73,,54.39,55.86,35.215714,
4/02/2022,83.23,77.45,33.76,41.54,,54.42,56.12,29.695143,
5/02/2022,83.29,77.48,34.16,42,,54.43,56.21,26.227571,
6/02/2022,83.33,77.5,34.37,42.48,,54.51,56.25,24.588714,
7/02/2022,83.4,77.55,35.08,43.02,,54.58,56.39,28.499143,
8/02/2022,83.47,77.6,35.8,43.73,,54.66,56.62,27.265429,
9/02/2022,83.53,77.65,36.5,44.22,,54.71,56.86,25.444714,
10/02/2022,83.59,77.7,37.16,44.79,,54.77,57.1,25.312,
11/02/2022,83.64,77.75,37.83,45.43,,54.81,57.31,24.630286,
12/02/2022,83.69,77.78,38.17,45.93,,54.81,57.39,25.004857,
13/02/2022,83.7,77.79,38.33,46.04,,54.87,57.41,23.153714,
14/02/2022,83.75,77.83,38.88,46.64,,54.92,57.53,23.659429,
15/02/2022,83.79,77.87,39.41,47.26,,54.97,57.72,22.642857,
16/02/2022,83.83,77.91,39.94,47.97,,55,57.92,19.785143,
17/02/2022,83.87,77.94,40.43,48.33,,55.04,58.13,19.785143,
18/02/2022,83.92,77.98,40.93,48.78,,55.06,58.3,19.878429,
19/02/2022,83.95,78.01,41.21,49.12,,55.06,58.36,18.702571,
20/02/2022,83.97,78.02,41.34,49.29,,55.09,58.38,19.549714,
21/02/2022,84.01,78.06,41.79,49.66,,55.12,58.5,18.728286,
22/02/2022,84.06,78.09,42.22,50.25,,55.14,58.68,18.847571,
23/02/2022,84.1,78.12,42.61,50.62,,55.16,58.87,22.397857,
24/02/2022,84.14,78.16,43.01,50.95,,55.18,59.07,22.960857,
25/02/2022,84.18,78.19,43.4,51.31,,55.19,59.22,22.473143,
26/02/2022,84.21,78.21,43.61,51.57,,55.19,59.27,22.497,
27/02/2022,84.22,78.22,43.7,51.71,,55.21,59.28,22.963143,
28/02/2022,84.26,78.25,44.03,52.1,,55.22,59.38,22.999571,
1/03/2022,84.28,78.28,44.32,52.69,,55.23,59.53,22.503286,1-Mar
2/03/2022,84.31,78.3,44.59,53.16,,55.24,59.68,24.669,
3/03/2022,84.34,78.33,44.87,53.54,,55.26,59.89,24.453143,
4/03/2022,84.37,78.36,45.15,54.02,,55.26,60.04,24.869286,
5/03/2022,84.39,78.39,45.3,54.16,,55.26,60.09,24.845429,
6/03/2022,84.4,78.41,45.36,54.25,,55.28,60.1,24.945429,
7/03/2022,84.42,78.48,45.56,54.64,,55.29,60.19,27.737429,
8/03/2022,84.45,78.57,45.78,54.95,,55.3,60.36,29.014,
9/03/2022,84.47,78.68,46,55.2,,55.3,60.54,28.488714,
10/03/2022,84.49,78.79,46.22,55.5,,55.32,60.74,29.421571,
11/03/2022,84.52,78.93,46.46,55.71,,55.32,60.9,31.187429,
12/03/2022,84.53,79.06,46.59,55.87,,55.32,60.95,33.490143,
13/03/2022,84.54,79.13,46.64,55.9,,55.33,60.97,34.098429,
14/03/2022,84.56,79.24,46.79,56.15,,55.34,61.06,31.79,
15/03/2022,84.58,79.38,47,56.38,,55.35,61.24,35.164,
16/03/2022,84.6,79.53,47.19,56.62,,55.36,61.44,38.137286,
17/03/2022,84.62,79.66,47.38,56.91,,55.37,61.65,40.634,
18/03/2022,84.65,79.81,47.58,57.22,,55.37,61.8,42.330429,
19/03/2022,84.66,79.96,47.69,57.25,,55.37,61.85,43.381714,
20/03/2022,84.67,80.04,47.74,57.36,,55.39,61.86,45.780286,
21/03/2022,84.69,80.18,47.92,57.63,,55.41,61.96,49.246,
22/03/2022,84.71,80.3,48.09,57.86,,55.43,62.14,49.709857,
23/03/2022,84.72,80.39,48.26,58.17,,55.46,62.33,50.075,
24/03/2022,84.74,80.5,48.43,58.5,,55.49,62.52,52.591571,
25/03/2022,84.76,80.62,48.61,58.75,,55.5,62.69,52.739571,
26/03/2022,84.77,80.74,48.7,58.93,,55.5,62.73,53.581714,
27/03/2022,84.78,80.81,48.75,58.97,,55.54,62.74,54.687571,
28/03/2022,84.8,80.91,48.9,59.26,,55.57,62.84,55.069714,
29/03/2022,84.81,80.99,49.05,59.59,,55.61,63.02,56.207857,
30/03/2022,84.83,81.06,49.19,59.93,,55.64,63.22,56.284286,
31/03/2022,84.85,81.14,49.32,60.08,,55.68,63.42,56.084714,
1/04/2022,84.86,81.22,49.46,63.65,,55.69,63.55,57.100286,
2/04/2022,84.87,81.29,49.52,63.83,,55.69,63.58,57.292857,
3/04/2022,84.88,81.33,49.55,63.92,,55.72,63.59,55.812714,
4/04/2022,84.89,81.4,49.67,64.25,,55.75,63.68,55.785,
5/04/2022,84.9,81.45,49.78,64.62,,55.78,63.84,57.252714,
6/04/2022,84.92,81.5,49.89,64.95,,55.8,64.04,57.591143,
7/04/2022,84.93,81.55,50,65.26,,55.84,64.25,56.890571,
8/04/2022,,81.61,50.11,65.5,,55.84,64.4,56.064857,
9/04/2022,,81.65,50.15,65.62,,55.84,64.44,54.768857,
10/04/2022,,81.67,50.76,65.69,,55.87,64.45,55.928,
11/04/2022,,81.74,50.87,66.09,,55.89,64.52,54.602714,
12/04/2022,,81.79,50.97,66.48,,55.91,64.65,51.348429,
13/04/2022,,81.83,51.06,66.93,,55.92,64.79,50.22,
14/04/2022,,81.88,51.16,67.27,,55.94,64.91,48.222571,
15/04/2022,,81.89,51.16,67.55,,55.94,64.91,46.403,
16/04/2022,,81.9,51.18,67.79,,55.94,64.92,46.424714,
17/04/2022,,81.9,51.43,67.87,,55.95,64.92,44.087714,
18/04/2022,,81.91,51.45,68.04,,55.96,64.92,43.482714,
19/04/2022,,81.95,51.53,68.45,,55.97,65,43.134571,
20/04/2022,,81.99,51.61,68.91,,55.98,65.1,43.019143,
21/04/2022,,82.02,51.68,69.39,,55.99,65.22,43.497571,
22/04/2022,,82.06,51.76,69.78,,55.99,65.31,43.587429,
23/04/2022,,82.09,51.8,69.83,,55.99,65.33,42.998143,
24/04/2022,,82.11,52.32,70.06,,56,65.34,43.190143,
25/04/2022,,82.11,52.32,70.52,,56.01,65.4,42.539857,
26/04/2022,,82.14,52.39,71.12,,56.02,65.52,41.015429,
27/04/2022,,82.16,52.45,71.64,,56.03,65.65,40.583286,
28/04/2022,,82.19,52.51,71.87,,56.05,65.79,39.430714,
29/04/2022,,82.21,52.57,72.36,,56.05,65.89,39.568286,
30/04/2022,,82.24,52.6,72.5,,56.05,65.91,38.22,
1/05/2022,,82.24,53.21,72.44,,56.06,65.92,39.006857,1-May
2/05/2022,,82.26,53.25,73.1,,56.07,65.96,39.064143,
3/05/2022,,82.28,53.3,73.55,,56.08,66.06,39.409143,
4/05/2022,,82.29,53.35,74.23,,56.08,66.23,40.463714,
5/05/2022,,82.31,53.4,74.53,,56.08,66.35,40.325286,
6/05/2022,,82.32,53.45,74.95,,56.08,66.43,40.02,
7/05/2022,,82.34,53.48,75.09,,56.08,66.45,41.904571,
8/05/2022,,82.34,54.27,75.16,,56.09,66.45,42.081714,
9/05/2022,,82.35,54.32,75.59,,56.1,66.49,43.532,
10/05/2022,,82.37,54.36,76.16,,56.11,66.58,45.636286,
11/05/2022,,82.38,54.41,76.68,,56.11,66.68,45.506286,
12/05/2022,,82.39,54.46,77.18,,56.12,66.77,46.464143,
13/05/2022,,82.4,54.5,77.69,,56.12,66.84,48.671429,
14/05/2022,,82.4,54.52,77.94,,56.12,66.85,49.084571,
15/05/2022,,82.42,55.49,78.07,,56.13,66.85,49.844143,
16/05/2022,,82.43,55.54,78.72,,56.14,66.89,52.618714,
17/05/2022,,82.44,55.58,79.26,,56.15,66.96,52.534,
18/05/2022,,82.45,55.62,79.77,,56.16,67.04,52.053571,
19/05/2022,,82.46,55.67,80.28,,56.17,67.12,52.441143,
20/05/2022,,82.48,55.71,80.76,,56.17,67.18,51.726714,
21/05/2022,,82.48,55.73,80.97,,56.17,67.2,51.271571,
22/05/2022,,82.49,56.75,81.09,,56.18,67.2,49.602,
23/05/2022,,82.5,56.94,81.78,,56.18,67.23,46.089571,
24/05/2022,,82.51,57.17,82.18,,56.19,67.3,44.565429,
25/05/2022,,82.52,57.39,83.35,,56.19,67.37,43.428714,
26/05/2022,,82.53,57.61,83.67,,56.2,67.37,41.905,
27/05/2022,,82.54,57.83,84.32,,56.2,67.39,39.924429,
28/05/2022,,82.54,57.88,84.6,,56.2,67.4,38.262286,
29/05/2022,,82.55,57.92,84.7,,56.2,67.4,37.095,
30/05/2022,,82.56,58.11,85.25,,56.21,67.43,35.824714,
31/05/2022,,82.57,58.32,85.58,,56.21,67.48,34.384857,
1/06/2022,,82.58,58.54,86.01,,56.22,67.53,32.626,
2/06/2022,,82.59,58.75,86.62,,56.22,67.6,31.530857,
3/06/2022,,82.6,58.94,87.22,,56.22,67.64,30.802286,
4/06/2022,,82.6,58.98,87.49,,56.22,67.65,29.838,
5/06/2022,,82.61,59.02,87.71,,56.22,67.65,29.457571,
6/06/2022,,82.62,59.18,88.02,,56.23,67.65,28.532857,
7/06/2022,,82.62,59.38,88.6,,56.23,67.69,28.177143,
8/06/2022,,82.63,59.56,89.19,,56.24,67.74,27.993857,
9/06/2022,,82.64,59.76,89.59,,56.25,67.79,27.658286,
10/06/2022,,82.65,59.92,90.24,,56.25,67.84,27.453143,
11/06/2022,,,,90.48,,56.25,67.84,26.919714,
12/06/2022,,,59.95,90.58,,56.26,67.85,26.580714,
13/06/2022,,82.65,60.04,90.89,,56.27,67.87,26.332143,
14/06/2022,,82.67,60.22,91.46,,56.28,67.92,26.008857,
15/06/2022,,82.68,60.39,92.18,,56.29,67.97,25.993429,
16/06/2022,,82.68,60.57,92.69,,56.3,68,26.024429,
17/06/2022,,82.7,60.72,93.32,,56.3,68.04,25.847,
18/06/2022,,,60.77,93.72,,56.3,68.05,26.733429,
19/06/2022,,,60.78,93.87,,56.32,68.05,27.238857,
20/06/2022,,,60.93,94.45,,56.33,68.08,27.737857,
21/06/2022,,,61.09,95.07,,56.35,68.14,28.014286,
22/06/2022,,,61.24,95.59,,56.36,68.2,27.972714,
23/06/2022,,,61.4,96.03,,56.38,68.27,27.418,
24/06/2022,,,61.53,96.55,,56.38,68.33,28.604571,
25/06/2022,,,61.57,96.82,,56.38,68.34,28.438714,
26/06/2022,,,61.59,97.05,,56.39,68.34,28.664286,
27/06/2022,,,61.7,97.58,,56.41,68.37,28.973429,
28/06/2022,,,61.84,98.13,,56.42,68.43,27.722286,
29/06/2022,,,61.96,98.97,,56.43,68.49,30.154714,
30/06/2022,,,62.09,99.3,,56.45,68.56,31.278143,
1/07/2022,,,62.19,99.84,,56.45,68.6,30.862,1-Jul
2/07/2022,,,62.22,100.14,,56.45,68.61,32.116,
3/07/2022,,,62.23,100.4,,56.46,68.61,32.648286,
4/07/2022,,,62.34,100.85,,56.47,68.63,33.381429,
5/07/2022,,,62.47,101.3,,56.48,68.69,36.133714,
6/07/2022,,,62.61,101.91,,56.49,68.75,35.286429,
7/07/2022,,,62.77,102.25,,56.5,68.81,36.428857,
8/07/2022,,,62.98,102.98,,56.5,68.86,36.954,
9/07/2022,,,63.05,103.14,,56.5,68.87,37.599,
10/07/2022,,,63.08,103.26,,56.51,68.88,37.428571,
11/07/2022,,,63.45,103.84,,56.52,68.9,38.596,
12/07/2022,,,63.88,104.42,,56.53,68.97,38.740571,
13/07/2022,,,64.31,105.15,,56.53,69.04,39.307,
14/07/2022,,,64.74,105.78,,56.54,69.11,38.882143,
15/07/2022,,,65.17,106.59,,56.55,69.17,40.140857,
16/07/2022,,,65.34,106.89,,56.55,69.19,40.738571,
17/07/2022,,,65.42,107.15,,56.55,69.19,42.061,
18/07/2022,,,65.79,107.94,,56.56,69.22,43.096571,
19/07/2022,,,66.2,108.84,,56.57,69.28,43.737571,
20/07/2022,,,66.59,109.68,,56.57,69.34,44.865286,
21/07/2022,,,66.99,110.28,,56.58,69.41,46.730714,
22/07/2022,,,67.37,111.34,,56.58,69.47,47.243143,
23/07/2022,,,67.53,111.72,,56.58,69.48,47.119143,
24/07/2022,,,67.58,111.85,,56.58,69.48,46.405143,
25/07/2022,,,67.9,113,,56.59,69.51,46.069857,
26/07/2022,,,68.23,113.86,,56.59,69.57,46.149571,
27/07/2022,,,68.54,115.12,,56.6,69.63,45.019,
28/07/2022,,,68.84,116.69,,56.6,69.69,43.925143,
29/07/2022,,,69.11,118.04,,56.6,69.74,44.458286,
30/07/2022,,,69.22,118.46,,,69.75,43.572571,
31/07/2022,,,69.25,118.65,,56.61,69.75,42.818429,
1/08/2022,,,69.46,119.57,,56.61,69.77,41.078,
2/08/2022,,,69.67,120.26,,56.61,69.82,40.289714,
3/08/2022,,,69.87,121.11,,56.62,69.86,38.881,
4/08/2022,,,70.07,122.01,,56.62,69.91,37.220429,
5/08/2022,,,,122.89,,56.62,69.95,34.14,
6/08/2022,,,,123.21,,56.62,69.96,32.821429,
7/08/2022,,,,123.35,,56.62,69.96,31.464286,
8/08/2022,,,70.48,124.39,,56.63,69.98,30.201571,
9/08/2022,,,70.63,125.6,,56.63,70.02,27.499,
10/08/2022,,,70.77,126.17,,56.63,70.07,25.028,
11/08/2022,,,70.9,127.39,,56.63,70.11,24.739571,
12/08/2022,,,,128.2,,56.63,70.14,23.339571,
13/08/2022,,,,128.62,,56.63,70.15,22.410571,
14/08/2022,,,71.08,128.86,,56.64,70.15,22.058143,
15/08/2022,,,71.18,129.54,,56.64,70.17,20.578857,
16/08/2022,,,71.29,130.24,,56.64,70.2,19.979571,
17/08/2022,,,71.41,131.53,,56.64,70.24,20.136286,
18/08/2022,,,71.51,132.29,,56.65,70.29,18.216143,
19/08/2022,,,,133.25,,56.65,70.32,17.689857,
20/08/2022,,,,133.6,,56.65,70.33,16.695143,
21/08/2022,,,71.64,133.69,,56.65,70.33,15.964714,
22/08/2022,,,71.72,134.56,,56.65,70.35,15.020429,
23/08/2022,,,71.79,135.17,,56.66,70.39,14.191286,
24/08/2022,,,71.87,135.34,,56.66,70.43,12.850143,
25/08/2022,,,71.94,136.47,,56.66,70.47,12.723143,
26/08/2022,,,71.94,137.34,,56.66,70.5,12.177714,
27/08/2022,,,,137.49,,,70.51,12.192714,
28/08/2022,,,72.05,137.6,,56.66,70.51,11.943857,
29/08/2022,,,72.11,138.34,,56.67,70.53,12.021286,
30/08/2022,,,72.17,139,,56.67,70.57,11.666,
31/08/2022,,,72.23,139.61,,56.67,70.61,11.648857,
1/09/2022,,,72.29,139.99,,56.67,70.65,10.701571,1-Sep
2/09/2022,,,,140.53,,56.67,70.68,10.411571,
3/09/2022,,,,140.67,,56.67,70.68,9.937286,
4/09/2022,,,72.37,140.77,,56.67,70.69,9.575857,
5/09/2022,,,72.42,141.45,,56.68,70.7,9.309143,
6/09/2022,,,72.47,142.14,,56.68,70.73,9.203571,
7/09/2022,,,72.52,142.75,,56.68,70.76,8.741,
8/09/2022,,,72.57,143.59,,56.68,70.8,8.506143,
9/09/2022,,,,144.21,,56.68,70.82,7.276286,
10/09/2022,,,,144.26,,56.68,70.83,6.868714,
11/09/2022,,,,144.32,,56.68,70.83,6.616571,
12/09/2022,,,,144.57,,56.68,70.85,5.400429,
13/09/2022,,,,144.58,,56.69,70.9,3.982143,
14/09/2022,,,,144.58,,56.69,70.96,2.801,
15/09/2022,,,72.77,146.24,,56.69,71.02,5.635143,
16/09/2022,,,,147.49,,56.69,71.07,6.512571,
17/09/2022,,,,147.59,,56.69,71.08,6.233571,
18/09/2022,,,,147.63,,56.69,71.09,5.772857,
19/09/2022,,,,147.83,,56.69,71.11,5.748143,
20/09/2022,,,,147.87,,56.69,71.18,5.704857,
21/09/2022,,,,148.2,,56.7,71.24,5.918,
22/09/2022,,,72.95,149.24,,56.72,71.32,7.019714,
23/09/2022,,,,149.25,,56.73,71.38,6.353571,
24/09/2022,,,,149.25,,,71.39,6.192286,
25/09/2022,,,,149.28,,56.74,71.4,6.368857,
26/09/2022,,,,149.5,,56.74,71.43,6.388,
27/09/2022,,,,149.63,,56.75,71.52,6.396857,
28/09/2022,,,,149.84,,56.79,71.62,6.419714,
29/09/2022,,,73.14,151.71,,56.85,71.73,5.521143,
30/09/2022,,,,152.21,,56.86,71.83,5.408857,
1/10/2022,,,,152.21,,56.86,71.86,5.548571,
2/10/2022,,,,152.21,,56.92,71.86,5.363429,
3/10/2022,,,,152.28,,56.98,71.87,5.319714,
4/10/2022,,,,152.34,,57,71.95,5.305714,
5/10/2022,,,,152.49,,57,72.05,5.275857,
6/10/2022,,,,153.3,,57.08,72.17,5.249,
7/10/2022,,,,153.69,,57.09,72.28,5.146857,
8/10/2022,,,,153.69,,57.09,72.31,5.124143,
9/10/2022,,,,153.69,,57.12,72.32,5.114286,
10/10/2022,,,,153.83,,57.12,72.38,5.090857,
11/10/2022,,,,153.89,,57.17,72.5,5.060429,
12/10/2022,,,,153.99,,57.22,72.62,5.031,
13/10/2022,,,,154.46,,57.27,72.77,4.724,
14/10/2022,,,,154.75,,57.28,72.9,4.774714,
15/10/2022,,,,154.75,,57.28,72.94,4.746429,
16/10/2022,,,,154.75,,57.3,72.95,4.712286,
17/10/2022,,,,154.87,,57.3,73.02,4.683,
18/10/2022,,,,154.9,,57.36,73.15,4.666857,
19/10/2022,,,,154.96,,57.42,73.3,4.646286,
20/10/2022,,,,155.3,,57.49,73.44,4.689286,
21/10/2022,,,,155.69,,57.51,73.58,4.682,
22/10/2022,,,,155.69,,,73.62,4.728857,
23/10/2022,,,,155.69,,57.56,73.63,4.746,
24/10/2022,,,,155.8,,57.62,73.71,4.806286,
25/10/2022,,,,155.86,,57.69,73.84,4.855286,
26/10/2022,,,,155.89,,57.76,73.95,4.911,
27/10/2022,,,,156.36,,57.85,74.11,3.368143,
28/10/2022,,,,156.6,,57.87,74.23,4.799571,
29/10/2022,,,,156.6,,,74.26,4.832286,
30/10/2022,,,,156.6,,57.93,74.26,4.863,
31/10/2022,,,,156.65,,58,74.3,4.883714,
1/11/2022,,,,156.65,,58.01,74.35,4.902857,1-Nov
2/11/2022,,,,156.78,,58.08,74.46,4.959571,
3/11/2022,84.94,82.71,73.7,157.21,,58.15,74.59,5.439714,
4/11/2022,,,,157.86,,58.17,74.7,5.971143,
5/11/2022,,,,157.86,,,74.72,6.047571,
6/11/2022,,,,157.86,,58.24,74.73,6.152714,
7/11/2022,,,,157.92,,58.32,74.79,6.303429,
8/11/2022,,,,158.08,,58.39,74.91,6.544857,
9/11/2022,,,,158.17,,58.47,75.04,6.713,
10/11/2022,84.94,82.71,73.92,158.55,,58.57,75.17,8.034429,
11/11/2022,,,,158.73,,58.59,75.28,7.832429,
12/11/2022,,,,158.7,,58.59,75.3,8.604,
13/11/2022,,,,158.7,,58.67,75.31,9.024,
14/11/2022,,,,158.81,,58.76,75.36,9.093,
15/11/2022,,,,158.91,,58.84,75.47,9.104286,
16/11/2022,,,,158.99,,58.92,75.57,9.131857,
17/11/2022,,82.72,74.27,159.76,,59.01,75.69,13.469,
18/11/2022,,,,159.8,,59.03,75.78,11.887429,
19/11/2022,,,,159.8,,,75.8,11.215,
20/11/2022,,,,159.8,,59.1,75.8,10.893571,
21/11/2022,,,,160.07,,59.17,75.85,10.981429,
22/11/2022,,,,160.14,,59.25,75.94,11.039857,
23/11/2022,,,,160.26,,59.32,76.03,11.124143,
24/11/2022,,,74.55,160.75,,59.39,76.13,10.589429,
25/11/2022,,,,161,,59.42,76.2,12.551,
26/11/2022,,,,161,,59.42,76.21,12.696714,
27/11/2022,,,,161,,59.48,76.22,12.781,
28/11/2022,,,,161.19,,59.54,76.25,12.829857,
29/11/2022,,,,161.24,,59.61,76.32,12.521143,
30/11/2022,,,,161.37,,59.68,76.39,12.587143,
1/12/2022,,,74.75,162.03,,59.76,76.47,16.394857,
2/12/2022,,,,162.44,,59.78,76.52,14.996571,
3/12/2022,,,,162.44,,,76.54,14.960286,
4/12/2022,,,,162.44,,59.84,76.54,14.954571,
5/12/2022,,,,162.64,,59.9,76.57,15.053714,
6/12/2022,,,,162.84,,59.95,76.62,15.436143,
7/12/2022,,,,163.04,,60,76.69,15.433571,
8/12/2022,,,74.93,164.38,,60.06,76.75,15.491429,
9/12/2022,,,,164.62,,60.08,76.8,15.542286,
10/12/2022,,,,164.62,,60.08,76.81,15.472714,
11/12/2022,,,,164.62,,60.12,76.81,15.438714,
12/12/2022,,,,164.82,,60.17,76.84,15.372,
13/12/2022,,,,164.92,,60.22,76.89,15.301286,
14/12/2022,,,,165.12,,60.27,76.94,15.290571,
15/12/2022,,,75.09,166.51,,60.33,76.99,14.297143,
16/12/2022,,,,166.92,,60.34,77.03,16.091,
17/12/2022,,,,166.92,,,77.04,15.707286,
18/12/2022,,,,166.92,,60.38,77.05,16.124857,
19/12/2022,,,,167.12,,60.41,77.07,16.046857,
20/12/2022,,,,167.34,,60.43,77.1,16.088857,
21/12/2022,,,,167.56,,60.46,77.13,15.998714,
22/12/2022,,,75.22,169.16,,60.49,77.15,16.78,
23/12/2022,,,,169.4,,60.5,77.17,15.053,
24/12/2022,,,,169.4,,,77.17,15.373286,
25/12/2022,,,,169.4,,60.52,77.17,14.774571,
26/12/2022,,,,169.4,,60.54,77.17,14.497429,
27/12/2022,,,,169.4,,60.56,77.18,14.203286,
28/12/2022,,,,169.64,,60.59,77.19,14.083143,
29/12/2022,,,,170.27,,60.61,77.21,8.161143,
30/12/2022,,,,170.52,,60.62,77.22,7.904857,
31/12/2022,,,,170.52,,60.62,77.23,7.788,
1/01/2023,,,,170.52,,60.64,77.23,7.733857,1-Jan
2/01/2023,,,,170.52,,60.66,77.23,7.463857,
3/01/2023,,,,170.82,,60.67,77.24,7.471714,
4/01/2023,,,,171.12,,60.69,77.25,7.313429,
5/01/2023,84.94,,75.34,172.85,,60.71,77.26,9.333714,
6/01/2023,,,,173.04,,60.71,77.28,10.748143,
7/01/2023,,,,173.04,,60.71,77.28,10.544714,
8/01/2023,,,,173.2,,60.73,77.28,10.851429,
9/01/2023,,,,173.49,,60.74,77.29,11.031714,
10/01/2023,,,,173.8,,60.76,77.31,10.885714,
11/01/2023,,,,174.11,,60.77,77.33,10.817286,
12/01/2023,84.94,,75.42,176.81,,60.79,77.36,7.161,
13/01/2023,,,,177.12,,60.79,77.38,5.984571,
14/01/2023,,,,177.12,,60.79,77.38,5.984571,
15/01/2023,,,,177.12,,60.81,77.38,5.502714,
16/01/2023,,,,177.12,,60.82,77.39,5.322429,
17/01/2023,,,,177.12,,60.83,77.41,5.158143,
18/01/2023,,,,177.12,,60.84,77.43,4.993857,
19/01/2023,,,75.49,180.23,,60.85,77.45,3.537,
20/01/2023,,,,180.92,,60.85,77.46,3.835714,
21/01/2023,,,,180.92,,,77.46,3.835714,
22/01/2023,,,,180.92,,60.86,77.46,3.835714,
23/01/2023,,,,180.92,,60.87,77.47,3.835714,
24/01/2023,,,,180.92,,60.88,77.48,3.835714,
25/01/2023,,,,180.92,,60.88,77.5,3.835714,
26/01/2023,,,75.55,185.96,,60.89,77.51,3.896,
27/01/2023,,,,186.15,,60.89,77.52,3.026286,
28/01/2023,,,,186.15,,,77.52,3.026286,
29/01/2023,,,,186.15,,60.9,77.52,3.026286,
30/01/2023,,,,186.15,,60.91,77.53,3.026286,
31/01/2023,,,,186.15,,60.91,77.54,3.026286,
1/02/2023,,,,186.15,,60.92,77.55,3.026286,
2/02/2023,84.95,82.72,75.6,188.28,,60.92,77.56,2.913429,
